{"cameraMode":{"drawMode":0,"name":"Shaded","section":"Shading Mode"},"sceneLighting":true,"audioPlay":false,"sceneViewState":{"m_AlwaysRefresh":false,"showFog":true,"showSkybox":true,"showFlares":true,"showImageEffects":true,"showParticleSystems":true,"showVisualEffectGraphs":true,"m_FxEnabled":true},"in2DMode":false,"pivot":{"x":119.36829376220703,"y":49.40194320678711,"z":-38.442874908447269},"rotation":{"x":0.21658730506896974,"y":-0.026355484500527383,"z":0.005849242676049471,"w":0.975891649723053},"size":171.5330810546875,"orthographic":false}