{"cameraMode":{"drawMode":0,"name":"Shaded","section":"Shading Mode"},"sceneLighting":true,"audioPlay":false,"sceneViewState":{"m_AlwaysRefresh":false,"showFog":true,"showSkybox":true,"showFlares":true,"showImageEffects":true,"showParticleSystems":true,"showVisualEffectGraphs":true,"m_FxEnabled":true},"in2DMode":false,"pivot":{"x":64.96742248535156,"y":55.516761779785159,"z":-100.44810485839844},"rotation":{"x":0.2531009614467621,"y":-0.010157984681427479,"z":0.002657694974914193,"w":0.9673858880996704},"size":17.931612014770509,"orthographic":false}