{"cameraMode":{"drawMode":0,"name":"Shaded","section":"Shading Mode"},"sceneLighting":false,"audioPlay":false,"sceneViewState":{"m_AlwaysRefresh":false,"showFog":true,"showSkybox":false,"showFlares":true,"showImageEffects":true,"showParticleSystems":true,"showVisualEffectGraphs":true,"m_FxEnabled":true},"in2DMode":false,"pivot":{"x":-10.617856979370118,"y":12.080873489379883,"z":44.88441848754883},"rotation":{"x":0.045507363975048068,"y":-0.9301696419715881,"z":-0.12041167169809342,"w":-0.34552428126335146},"size":13.440265655517579,"orthographic":false}