{"cameraMode":{"drawMode":0,"name":"Shaded","section":"Shading Mode"},"sceneLighting":false,"audioPlay":false,"sceneViewState":{"m_AlwaysRefresh":false,"showFog":true,"showSkybox":false,"showFlares":true,"showImageEffects":true,"showParticleSystems":true,"showVisualEffectGraphs":true,"m_FxEnabled":true},"in2DMode":false,"pivot":{"x":0.04418918490409851,"y":0.9967048168182373,"z":-5.960464477539063e-8},"rotation":{"x":-0.00714586116373539,"y":0.9724105000495911,"z":-0.23452188074588777,"w":-0.022738663479685785},"size":5.925285339355469,"orthographic":false}