{"cameraMode":{"drawMode":0,"name":"Shaded","section":"Shading Mode"},"sceneLighting":false,"audioPlay":false,"sceneViewState":{"m_AlwaysRefresh":false,"showFog":true,"showSkybox":false,"showFlares":true,"showImageEffects":true,"showParticleSystems":true,"showVisualEffectGraphs":true,"m_FxEnabled":true},"in2DMode":false,"pivot":{"x":2.560011863708496,"y":7.2762532234191898,"z":-2.5366532802581789},"rotation":{"x":0.2876986563205719,"y":0.02154676616191864,"z":-0.006474024150520563,"w":0.9574600458145142},"size":9.803030967712403,"orthographic":true}